cnmc_code,canonical_description,standardized_uom,standardized_specs,material_fingerprint,legacy_codes,created_date,version,approval_status
CNMC-BRG-00001,Deep Groove Ball Bearing 6205 ZZ,NOS,6205; ZZ shielded,FP-2E0EA43DA1CC,W96413500247 (BHEL-HEEP); W-BHL-62Z-DUP (NTPC-TPS),2026-02-04,v1.0,Approved
CNMC-BRG-00002,Deep Groove Ball Bearing 6305 ZZ,PCS,6305; ZZ,FP-72C989B92F7B,BEAR-6305-Z2 (SAIL-RSP); SL-BRG-6305X (ONGC-HZR),2026-02-07,v1.0,Approved
CNMC-FAS-00003,Hex Bolt M10 × 50 mm,KGS,"M10 x 50mm, Grade 8.8",FP-986583903294,FAST-HB-1050 (SAIL-RSP); BOLT-HX-1050SL (ONGC-HZR),2026-02-10,v1.0,Approved
CNMC-FAS-00004,Hex Bolt M16 × 100 mm,NOS,"M16 x 100mm, Grade 10.9",FP-B6D3E193E015,BLT-M16-100 (NTPC-TPS); HB-M16100-N (IOCL-BR),2026-02-13,v1.0,Approved
CNMC-VLV-00005,"Globe Valve 4 inch, Carbon Steel",NOS,"4 inch, Carbon Steel WCB",FP-8607E2607416,VLV-GLB-04CS (NTPC-TPS); GLV-04-CS-S (SAIL-RSP),2026-02-16,v1.0,Approved
CNMC-ELC-00006,Copper Control Cable 2 Core × 1.5 sq mm,MTR,"2 Core, 1.5 sq mm, Copper PVC",FP-FB851ADEC1E2,66778899 (IOCL-BR); CTRL-2C15-BP (BPCL-MR),2026-02-19,v1.0,Approved
CNMC-MEP-00007,Three-Phase Induction Motor 1 HP,NOS,"1 HP, 3-Phase, 415V, 4-Pole",FP-CA907F46F42A,W96711000100 (BHEL-HEEP); MTR-1HP-3PH-N (NTPC-TPS),2026-02-22,v1.0,Approved
CNMC-BRG-00008,Deep Groove Ball Bearing 6206 ZZ,NOS,6206; ZZ,FP-F88C8030D25D,BRG-6206-ZZ (NTPC-TPS),2026-02-25,v1.0,Approved
CNMC-BRG-00009,Cylindrical Roller Bearing NU220,NOS,NU220; Cylindrical,FP-3A764CE1D7DA,W96414500120 (BHEL-HEEP),2026-02-28,v1.0,Approved
CNMC-BRG-00010,Taper Roller Bearing 30206,PCS,30206; Tapered,FP-9CD1C51D403F,BEAR-30206 (SAIL-RSP),2026-03-03,v1.0,Approved
CNMC-FAS-00011,Hex Bolt M10 × 75 mm,KGS,"M10 x 75mm, Grade 8.8",FP-7DFAE043C92C,77221100 (ONGC-HZR),2026-03-06,v1.0,Approved
CNMC-FAS-00012,Hex Bolt M12 × 60 mm,NOS,M12 x 60mm,FP-6C1A92BAFE25,W96489001260 (BHEL-HEEP),2026-03-09,v1.0,Approved
CNMC-FAS-00013,Hex Nut M10,KGS,M10 standard,FP-D43F1E63DE80,FAST-HN-10 (SAIL-RSP),2026-03-12,v1.0,Approved
CNMC-FAS-00014,Hex Nut M12,NOS,M12 standard,FP-CEE6A5C65CD9,W96489100120 (BHEL-HEEP),2026-03-15,v1.0,Approved
CNMC-FAS-00015,Hex Nut M16,NOS,M16 standard,FP-99054389EE2B,NUT-M16-000 (NTPC-TPS),2026-03-18,v1.0,Approved
CNMC-FAS-00016,Spring Washer M10,NOS,M10,FP-0D9CA6D97F65,55778810 (IOCL-BR),2026-03-21,v1.0,Approved
CNMC-FAS-00017,Spring Washer M16,NOS,M16,FP-8BABF45326B8,W96489200160 (BHEL-HEEP),2026-03-24,v1.0,Approved
CNMC-FAS-00018,Stud M16 × 100 mm,SET,M16 x 100mm,FP-C6A6BA0E0457,STD-M16-100 (NTPC-TPS),2026-03-27,v1.0,Approved
CNMC-VLV-00019,"Gate Valve 2 inch, Carbon Steel",NOS,"2 inch, Carbon Steel WCB, Class 150",FP-9ECAC7223493,44551122 (IOCL-BR),2026-03-30,v1.0,Approved
CNMC-VLV-00020,"Ball Valve 1 inch, Stainless Steel",NOS,"1 inch, SS316, Screwed End",FP-2EE0346E5C21,VAL-BL-10SS (SAIL-RSP),2026-04-02,v1.0,Approved
CNMC-VLV-00021,"Check Valve 2 inch, Carbon Steel",NOS,"2 inch, Swing Check, CS",FP-C78FD488D899,44551166 (IOCL-BR),2026-04-05,v1.0,Approved
CNMC-VLV-00022,Solenoid Valve 24V DC,NOS,"24V DC, 2-way, Brass body",FP-0A3668C542FF,W96515000240 (BHEL-HEEP),2026-04-08,v1.0,Approved
CNMC-VLV-00023,Pneumatic Control Valve 2 inch,NOS,"2 inch, Pneumatic Actuated",FP-B11B1F81A3AD,88449900 (ONGC-HZR),2026-04-11,v1.0,Approved
CNMC-ELC-00024,Copper Power Cable 3 Core × 2.5 sq mm,MTR,"3 Core, 2.5 sq mm, Copper, Armoured",FP-6AFDF03C178C,CBL-CU-3C2.5 (NTPC-TPS),2026-04-14,v1.0,Approved
CNMC-ELC-00025,Copper Power Cable 3 Core × 4 sq mm,MTR,"3 Core, 4 sq mm, Copper",FP-B78F14C85AA8,W96611000340 (BHEL-HEEP),2026-04-17,v1.0,Approved
CNMC-ELC-00026,Aluminium Cable Lug 50 sq mm,NOS,"50 sq mm, Aluminium",FP-22AF7459E549,99112233 (ONGC-HZR),2026-04-20,v1.0,Approved
CNMC-ELC-00027,Copper Cable Lug 25 sq mm,NOS,"25 sq mm, Copper, Tinned",FP-74FEE2E4E2DA,W96622000250 (BHEL-HEEP),2026-04-23,v1.0,Approved
CNMC-MEP-00028,Three-Phase Induction Motor 5 HP,NOS,"5 HP, 3-Phase, TEFC, IE2",FP-4FAF81B3B941,MOT-3PH-05HP (NTPC-TPS),2026-04-26,v1.0,Approved
CNMC-MEP-00029,Three-Phase Induction Motor 10 HP,NOS,"10 HP, 3-Phase, 415V, IE3",FP-3CFEB22DC113,MOT-IND-10HP (SAIL-RSP),2026-04-29,v1.0,Approved
CNMC-MEP-00030,Centrifugal Pump 1 HP,NOS,"1 HP, Monoblock, CI Body",FP-D2EA384F7883,88776655 (ONGC-HZR),2026-05-02,v1.0,Approved
