material_group_id,cpse_1_code,cpse_1_desc,cpse_1_plant,cpse_2_code,cpse_2_desc,cpse_2_plant,trust_score,match_type,review_type,why_match,why_not,status,assigned_reviewer
MG-0001,W96413500247,Ball Bearing 6205 ZZ,BHEL-HEEP,W-BHL-62Z-DUP,"Ball Bearing 6205, ZZ Type, Deep Groove",NTPC-TPS,94,Exact Match,Auto-Flagged / Manual Confirm,"Technical attributes (size, grade, standard) match exactly; source CPSEs use different internal naming convention.",No conflicting attributes found; UOM difference (KGS vs NOS) reconciled via standard conversion.,Approved,USR-008
MG-0002,BEAR-6305-Z2,Bearing 6305 Double Shielded,SAIL-RSP,SL-BRG-6305X,Bearing DGBB 6305 2Z,ONGC-HZR,94,Exact Match,Auto-Flagged / Manual Confirm,"Description tokens overlap >85%; identical technical spec (size, standard, material grade); UOM equivalent.",Minor wording variance only ('Bolt' vs 'Hex Bolt'); no attribute mismatch.,Approved,USR-008
MG-0003,55443322,Taper Roller Bearing 30205,IOCL-BR,TRB-30205-IOC,"Taper Roller Brg 30205, Single Row",BHEL-HEEP,68,Partial Match,Manual Review Required,"Technical attributes (size, grade, standard) match exactly; source CPSEs use different internal naming convention.",UOM mismatch and partial spec overlap only — recommend clarification before merge.,Pending,USR-008
MG-0004,W96415500890,Spherical Roller Bearing 22210,BHEL-HEEP,SPH-22210-B,Spherical Roller Bearing 22210 CC,SAIL-RSP,91,Exact Match,Auto-Flagged / Manual Confirm,Core dimensional code (e.g. bearing/valve size) matches exactly; wording differs only in abbreviation style.,No conflicting attributes found; UOM difference (KGS vs NOS) reconciled via standard conversion.,Pending,USR-009
MG-0005,FAST-HB-1050,"Bolt, Hex Head M10x50 HT",SAIL-RSP,BOLT-HX-1050SL,"Hexagon Head Bolt M10x50, HT",ONGC-HZR,87,Exact Match,Auto-Flagged / Manual Confirm,"Technical attributes (size, grade, standard) match exactly; source CPSEs use different internal naming convention.",,Approved,USR-007
MG-0006,BLT-M16-100,Bolt Hexagonal M16x100,NTPC-TPS,HB-M16100-N,"Bolt, Hex Hd, M16 x 100mm",IOCL-BR,89,Exact Match,Auto-Flagged / Manual Confirm,Core dimensional code (e.g. bearing/valve size) matches exactly; wording differs only in abbreviation style.,Minor wording variance only ('Bolt' vs 'Hex Bolt'); no attribute mismatch.,Approved,USR-008
MG-0007,W96489100120,Hex Nut M12 IS 1364,BHEL-HEEP,HN-M12-BHL2,"Hexagonal Nut M12, IS1364 Pt3",NTPC-TPS,89,Exact Match,Auto-Flagged / Manual Confirm,"Description tokens overlap >85%; identical technical spec (size, standard, material grade); UOM equivalent.",No conflicting attributes found; UOM difference (KGS vs NOS) reconciled via standard conversion.,Pending,USR-007
MG-0008,44551122,"Valve, Gate, 2"", WCB",IOCL-BR,GV-2IN-CS-ON,"Gate Valve 2"" CS Body, Class150",ONGC-HZR,78,Near-Duplicate,Manual Review Required,Core dimensional code (e.g. bearing/valve size) matches exactly; wording differs only in abbreviation style.,UOM mismatch and partial spec overlap only — recommend clarification before merge.,Pending,USR-008
MG-0009,VLV-GLB-04CS,Valve Globe 4 Inch CS WCB,NTPC-TPS,GLV-04-CS-S,Globe Valve 4in Carbon Steel Body,SAIL-RSP,94,Exact Match,Auto-Flagged / Manual Confirm,"Technical attributes (size, grade, standard) match exactly; source CPSEs use different internal naming convention.",,Approved,USR-008
MG-0010,VAL-BL-10SS,"Ball Valve 1"" SS316",SAIL-RSP,BLV-1IN-SS-B,"Ball Valve 1"" SS316 Screwed",BPCL-MR,89,Exact Match,Auto-Flagged / Manual Confirm,Core dimensional code (e.g. bearing/valve size) matches exactly; wording differs only in abbreviation style.,,Pending,USR-008
MG-0011,W96515000240,"Solenoid Valve 24V DC 1/2""",BHEL-HEEP,SOL-24VDC-N,"Solenoid Valve, 24V DC, Brass Body",NTPC-TPS,91,Exact Match,Auto-Flagged / Manual Confirm,"Description tokens overlap >85%; identical technical spec (size, standard, material grade); UOM equivalent.",No conflicting attributes found; UOM difference (KGS vs NOS) reconciled via standard conversion.,Pending,USR-009
MG-0012,CBL-CU-3C2.5,Cable 3C x 2.5 Sqmm Cu,NTPC-TPS,CBL-3C25-B,Power Cable 3 Core 2.5 Sqmm Cu Armoured,BHEL-HEEP,87,Exact Match,Auto-Flagged / Manual Confirm,"Technical attributes (size, grade, standard) match exactly; source CPSEs use different internal naming convention.",Minor wording variance only ('Bolt' vs 'Hex Bolt'); no attribute mismatch.,Pending,USR-008
MG-0013,66778899,Control Cable 2C x 1.5 Sqmm,IOCL-BR,CTRL-2C15-BP,Control Cable 2Core 1.5 Sqmm Copper,BPCL-MR,89,Exact Match,Auto-Flagged / Manual Confirm,"Technical attributes (size, grade, standard) match exactly; source CPSEs use different internal naming convention.",Minor wording variance only ('Bolt' vs 'Hex Bolt'); no attribute mismatch.,Approved,USR-007
MG-0014,W96711000100,"Motor, Induction 3Ph 1HP",BHEL-HEEP,MTR-1HP-3PH-N,"Induction Motor 3-Phase, 1 HP, TEFC",NTPC-TPS,96,Exact Match,Auto-Flagged / Manual Confirm,"Description tokens overlap >85%; identical technical spec (size, standard, material grade); UOM equivalent.",,Approved,USR-007
MG-0015,88776655,"Pump, Centrifugal 1 HP",ONGC-HZR,PMP-1HP-CF-I,"Centrifugal Pump, 1 HP, Monoblock",IOCL-BR,73,Near-Duplicate,Manual Review Required,"Technical attributes (size, grade, standard) match exactly; source CPSEs use different internal naming convention.",UOM mismatch and partial spec overlap only — recommend clarification before merge.,Pending,USR-007
MG-0016,55661122,Centrifugal Water Pump 5HP,IOCL-BR,55990022,Motor 5HP 3phase,IOCL-BR,22,Not a Match,Manual Review Required,Superficial numeric overlap (5HP) only.,"Different equipment class entirely — one is a pump, the other a motor. No valid technical overlap.",Rejected,USR-008
