passport_id,cnmc_code,canonical_description,technical_specifications,manufacturer_info,lifecycle_status,functional_equivalents,audit_trail_reference
PASS-00001,3117150400000110,Deep Groove Ball Bearing 6205 ZZ,6205; ZZ shielded,Multiple approved vendors (see CPSE vendor master),Under Review,None,LOG-1001
PASS-00002,3117150400000128,Deep Groove Ball Bearing 6305 ZZ,6305; ZZ,Multiple approved vendors (see CPSE vendor master),Active,None,LOG-1002
PASS-00003,3116160000200235,Hex Bolt M10 × 50 mm,"M10 x 50mm, Grade 8.8",Approved vendor list maintained by procurement cell,Under Review,None,LOG-1003
PASS-00004,3116160000300142,Hex Bolt M16 × 100 mm,"M16 x 100mm, Grade 10.9",Approved vendor list maintained by procurement cell,Active,None,LOG-1004
PASS-00005,4014160005400153,"Globe Valve 4 inch, Carbon Steel","4 inch, Carbon Steel WCB",OEM-agnostic; standard IS/ISO spec item,Active,None,LOG-1005
PASS-00006,2612160035000361,Copper Control Cable 2 Core × 1.5 sq mm,"2 Core, 1.5 sq mm, Copper PVC",Approved vendor list maintained by procurement cell,Under Review,None,LOG-1006
PASS-00007,2610110000000179,Three-Phase Induction Motor 1 HP,"1 HP, 3-Phase, 415V, 4-Pole",Multiple approved vendors (see CPSE vendor master),Active,4015150300000104,LOG-1007
PASS-00008,3117150400000185,Deep Groove Ball Bearing 6206 ZZ,6206; ZZ,Approved vendor list maintained by procurement cell,Active,None,LOG-1008
PASS-00009,3117150000000197,Cylindrical Roller Bearing NU220,NU220; Cylindrical,Multiple approved vendors (see CPSE vendor master),Active,None,LOG-1009
PASS-00010,3117150000000106,Taper Roller Bearing 30206,30206; Tapered,Multiple approved vendors (see CPSE vendor master),Active,None,LOG-1010
PASS-00011,3116160000300217,Hex Bolt M10 × 75 mm,"M10 x 75mm, Grade 8.8",Multiple approved vendors (see CPSE vendor master),Active,3116180000000179,LOG-1011
PASS-00012,3116160000300126,Hex Bolt M12 × 60 mm,M12 x 60mm,Multiple approved vendors (see CPSE vendor master),Active,3116160000300217,LOG-1012
PASS-00013,3116170000000238,Hex Nut M10,M10 standard,Multiple approved vendors (see CPSE vendor master),Active,None,LOG-1013
PASS-00014,3116170000000147,Hex Nut M12,M12 standard,Approved vendor list maintained by procurement cell,Under Review,None,LOG-1014
PASS-00015,3116170000000154,Hex Nut M16,M16 standard,OEM-agnostic; standard IS/ISO spec item,Under Review,3116160000300142,LOG-1015
PASS-00016,3116180000000161,Spring Washer M10,M10,Multiple approved vendors (see CPSE vendor master),Under Review,3116170000000154,LOG-1016
PASS-00017,3116180000000179,Spring Washer M16,M16,OEM-agnostic; standard IS/ISO spec item,Under Review,None,LOG-1017
PASS-00018,3116330000300588,Stud M16 × 100 mm,M16 x 100mm,Multiple approved vendors (see CPSE vendor master),Active,None,LOG-1018
PASS-00019,4014160005300197,"Gate Valve 2 inch, Carbon Steel","2 inch, Carbon Steel WCB, Class 150",Approved vendor list maintained by procurement cell,Active,4014160000300135,LOG-1019
PASS-00020,4014160025200104,"Ball Valve 1 inch, Stainless Steel","1 inch, SS316, Screwed End",Multiple approved vendors (see CPSE vendor master),Active,None,LOG-1020
PASS-00021,4014160005300114,"Check Valve 2 inch, Carbon Steel","2 inch, Swing Check, CS",Approved vendor list maintained by procurement cell,Under Review,4014160000300135,LOG-1021
PASS-00022,4014160000000123,Solenoid Valve 24V DC,"24V DC, 2-way, Brass body",Multiple approved vendors (see CPSE vendor master),Active,4014160005300114,LOG-1022
PASS-00023,4014160000300135,Pneumatic Control Valve 2 inch,"2 inch, Pneumatic Actuated",Multiple approved vendors (see CPSE vendor master),Under Review,None,LOG-1023
PASS-00024,2612160035000346,Copper Power Cable 3 Core × 2.5 sq mm,"3 Core, 2.5 sq mm, Copper, Armoured",Approved vendor list maintained by procurement cell,Active,None,LOG-1024
PASS-00025,2612160035000353,Copper Power Cable 3 Core × 4 sq mm,"3 Core, 4 sq mm, Copper",Approved vendor list maintained by procurement cell,Active,3912140035000178,LOG-1025
PASS-00026,3912140038000167,Aluminium Cable Lug 50 sq mm,"50 sq mm, Aluminium",Multiple approved vendors (see CPSE vendor master),Active,None,LOG-1026
PASS-00027,3912140035000178,Copper Cable Lug 25 sq mm,"25 sq mm, Copper, Tinned",OEM-agnostic; standard IS/ISO spec item,Active,None,LOG-1027
PASS-00028,2610110000000187,Three-Phase Induction Motor 5 HP,"5 HP, 3-Phase, TEFC, IE2",Multiple approved vendors (see CPSE vendor master),Active,None,LOG-1028
PASS-00029,2610110000000195,Three-Phase Induction Motor 10 HP,"10 HP, 3-Phase, 415V, IE3",OEM-agnostic; standard IS/ISO spec item,Active,None,LOG-1029
PASS-00030,4015150300000104,Centrifugal Pump 1 HP,"1 HP, Monoblock, CI Body",OEM-agnostic; standard IS/ISO spec item,Active,None,LOG-1030